регистрационный_номер;год;период;решений_об_осуществлении_и_отказе;отказов_по_статье_27;решений_об_устранении_ошибок;решений_о_приостановлении
9624;2014;9;136;1;2;0
9624;2014;12;215;2;2;0
9624;2015;3;57;2;2;0
9624;2015;6;101;2;2;0
9624;2015;9;134;5;2;0
9624;2015;12;200;5;2;0
9624;2016;3;33;0;3;0
9624;2016;6;71;0;3;0
9624;2016;9;119;0;3;0
9624;2016;12;154;0;4;0
9624;2017;3;15;0;4;0
9624;2017;6;48;0;4;0
9624;2017;9;78;0;2;0
9624;2017;12;124;0;2;0
9624;2018;3;6;0;2;0
9624;2018;6;29;0;2;0
9624;2018;9;41;0;2;0
9624;2018;12;41;0;2;0
9624;2019;3;0;0;2;0
9624;2019;6;0;0;1;0
9624;2019;9;12;0;1;0
9624;2019;12;24;0;1;2
9624;2020;3;7;0;0;1
9624;2020;6;15;0;0;3
9624;2020;9;33;0;0;3
9624;2020;12;52;0;0;3
9624;2021;3;15;0;0;0
9624;2021;6;40;0;0;0
9624;2021;9;67;0;0;0
9624;2021;12;94;0;0;0
9624;2022;3;15;0;0;0
9624;2022;6;46;0;0;1
9624;2022;9;114;0;0;1
9624;2022;12;132;0;0;1
9624;2023;3;9;0;0;0
9624;2023;6;28;0;0;0
9624;2023;9;50;0;0;0
9624;2023;12;66;0;0;0
9624;2024;3;16;0;0;0
9624;2024;6;30;0;0;0
9624;2024;9;61;0;0;0
9624;2024;12;62;0;0;0
9624;2025;3;18;0;0;0
9624;2025;6;28;0;0;0
9624;2025;9;57;0;0;0
9624;2025;12;97;0;0;0
9624;2026;3;18;0;0;0
34341;2015;9;0;0;0;0
34341;2015;12;0;0;0;0
34341;2016;3;4;0;0;0
34341;2016;6;27;5;0;0
34341;2016;9;46;5;0;0
34341;2016;12;76;5;0;0
34341;2017;3;7;1;0;0
34341;2017;6;20;1;0;0
34341;2017;9;35;1;0;0
34341;2017;12;74;1;0;0
34341;2018;3;22;0;0;0
34341;2018;6;40;0;0;0
34341;2018;9;53;0;0;0
34341;2018;12;117;0;0;0
34341;2019;3;24;0;0;0
34341;2019;6;65;0;0;1
34341;2019;9;148;1;0;1
34341;2019;12;178;1;0;1
34341;2020;3;107;0;0;2
34341;2020;6;266;0;0;4
34341;2020;9;280;0;0;4
34341;2020;12;359;0;0;5
34341;2021;3;66;0;0;0
34341;2021;6;183;0;0;1
34341;2021;9;303;0;0;2
34341;2021;12;435;0;0;2
34341;2022;3;70;0;0;1
34341;2022;6;189;0;0;1
34341;2022;9;308;0;0;1
34341;2022;12;439;0;0;1
34341;2023;3;74;0;0;5
34341;2023;6;218;0;0;19
34341;2023;9;406;0;0;27
34341;2023;12;598;0;0;32
34341;2024;3;115;0;0;19
34341;2024;6;285;0;0;31
34341;2024;9;457;0;0;47
34341;2024;12;621;0;0;75
34341;2025;3;104;0;0;18
34341;2025;6;257;0;0;58
34341;2025;9;425;0;0;88
34341;2025;12;571;0;0;119
34341;2026;3;95;0;0;33
39688;2021;3;5;0;0;0
39688;2021;6;11;0;0;0
39688;2021;9;14;0;0;0
39688;2021;12;14;0;0;0
39688;2022;3;0;0;0;0
39688;2022;6;105;0;0;9
39688;2022;12;0;0;0;0
39688;2023;3;0;0;0;0
39688;2023;6;0;0;0;0
39688;2023;9;0;0;0;0
39688;2023;12;11;0;0;0
39688;2024;3;17;0;0;0
39688;2024;6;18;0;0;0
39688;2024;9;21;0;0;0
39688;2024;12;28;0;0;0
39688;2025;3;10;0;0;0
39688;2025;6;27;0;0;1
39688;2025;9;60;0;0;1
39688;2025;12;83;0;0;5
39688;2026;3;25;0;0;0
16912;2014;9;0;0;0;0
16912;2014;12;0;0;0;0
16912;2015;3;0;0;0;0
16912;2015;6;0;0;0;0
16912;2015;9;0;0;0;0
16912;2015;12;0;0;0;0
16912;2016;3;0;0;0;0
16912;2016;6;0;0;0;0
16912;2016;9;0;0;0;0
16912;2016;12;1;0;0;0
16912;2017;3;0;0;0;0
16912;2017;6;0;0;0;0
16912;2017;9;0;0;0;0
16912;2017;12;0;0;0;0
16912;2018;3;0;0;0;0
16912;2018;6;0;0;0;0
16912;2018;9;0;0;0;0
16912;2018;12;0;0;0;0
16912;2019;3;0;0;0;0
16912;2019;6;0;0;0;0
16912;2019;9;0;0;0;0
16912;2019;12;0;0;0;0
16912;2020;3;0;0;0;0
16912;2020;6;0;0;0;0
16912;2020;9;0;0;0;0
16912;2020;12;0;0;0;0
16912;2021;3;0;0;0;0
16912;2021;6;0;0;0;0
16912;2021;9;0;0;0;0
16912;2021;12;0;0;0;1
16912;2022;3;0;0;0;0
16912;2022;6;0;0;0;0
16912;2022;9;0;0;0;1
16912;2022;12;0;0;0;1
16912;2023;3;0;0;0;0
16912;2023;6;0;0;0;0
16912;2023;9;0;0;0;0
16912;2023;12;0;0;0;0
16912;2024;3;0;0;0;0
16912;2024;6;0;0;0;0
16912;2024;9;0;0;0;0
16912;2024;12;0;0;0;0
16912;2025;3;0;0;0;0
16912;2025;6;0;0;0;0
16912;2025;9;0;0;0;0
16912;2025;12;0;0;0;0
16912;2026;3;0;0;0;0
24915;2014;9;0;0;0;0
24915;2014;12;0;0;0;0
24915;2015;3;0;0;0;0
24915;2015;6;0;0;0;0
24915;2015;9;0;0;0;0
24915;2015;12;0;0;0;0
24915;2016;3;5;0;0;0
24915;2016;6;8;0;0;0
24915;2016;9;18;0;0;0
24915;2016;12;33;0;0;0
24915;2017;3;3;0;0;0
24915;2017;6;12;0;0;0
24915;2017;9;18;0;0;0
24915;2017;12;47;0;0;0
24915;2018;3;10;1;0;0
24915;2018;6;11;1;0;0
24915;2018;9;11;1;0;0
24915;2018;12;11;1;0;0
24915;2019;3;10;0;0;3
24915;2019;6;14;0;0;5
24915;2019;9;16;0;0;5
24915;2019;12;20;0;0;6
24915;2020;3;13;0;0;3
24915;2020;6;19;0;0;4
24915;2020;9;29;0;0;10
24915;2020;12;35;0;0;11
24915;2021;3;6;0;0;0
24915;2021;6;17;0;0;0
24915;2021;9;24;0;0;3
24915;2021;12;55;0;0;6
24915;2022;3;21;0;0;0
24915;2022;6;48;0;0;0
24915;2022;9;63;0;0;1
24915;2022;12;95;0;0;1
24915;2023;3;5;0;0;0
24915;2023;6;5;0;0;0
24915;2023;9;12;0;0;1
24915;2023;12;42;0;0;1
24915;2024;3;13;0;0;0
24915;2024;6;17;0;0;0
24915;2024;9;35;0;0;1
24915;2024;12;37;0;0;2
24915;2025;3;2;0;0;0
24915;2025;6;5;0;0;0
24915;2025;9;9;0;0;0
24915;2025;12;12;0;0;0
24915;2026;3;0;0;0;0
33461;2015;3;0;0;0;0
33461;2015;6;0;0;0;0
33461;2015;9;1;0;0;0
33461;2015;12;23;0;0;0
33461;2016;3;12;0;0;0
33461;2016;6;26;0;0;0
33461;2016;9;41;0;0;0
33461;2016;12;58;0;0;0
33461;2017;3;7;0;0;0
33461;2017;6;25;0;0;0
33461;2017;9;64;0;0;0
33461;2017;12;123;0;0;0
33461;2018;3;81;0;0;0
33461;2018;6;115;0;0;0
33461;2018;9;162;0;0;0
33461;2018;12;273;0;0;0
33461;2019;3;472;0;0;0
33461;2019;6;568;0;0;0
33461;2019;9;602;0;0;0
33461;2019;12;677;0;0;0
33461;2020;3;41;0;0;0
33461;2020;6;63;0;0;0
33461;2020;9;104;0;0;0
33461;2020;12;104;0;0;0
33461;2021;3;59;0;0;7
33461;2021;6;122;0;0;21
33461;2021;9;123;0;0;21
33461;2021;12;124;0;0;22
33461;2022;3;50;0;0;1
33461;2022;6;128;0;0;6
33461;2022;9;183;0;0;6
33461;2022;12;313;6;0;8
33461;2023;3;52;0;0;1
33461;2023;6;131;4;0;1
33461;2023;9;235;4;0;3
33461;2023;12;334;4;0;5
33461;2024;3;78;0;0;0
33461;2024;6;96;0;0;1
33461;2024;9;166;0;0;3
33461;2024;12;234;0;0;6
33461;2025;3;44;0;0;3
33461;2025;6;123;0;0;13
33461;2025;9;186;0;0;22
33461;2025;12;258;0;0;32
33461;2026;3;21;0;0;5
23120;2014;9;395;1;0;0
23120;2014;12;518;1;0;0
23120;2015;3;93;1;0;0
23120;2015;6;185;1;0;0
23120;2015;9;286;4;0;0
23120;2015;12;389;5;0;0
23120;2016;3;118;1;0;0
23120;2016;6;257;2;0;0
23120;2016;9;375;2;0;0
23120;2016;12;499;3;0;0
23120;2017;3;58;0;0;0
23120;2017;6;144;0;0;0
23120;2017;9;263;0;0;0
23120;2017;12;483;0;0;0
23120;2018;3;149;0;0;0
23120;2018;6;254;0;0;0
23120;2018;9;327;0;0;0
23120;2018;12;629;0;0;0
23120;2019;3;132;0;0;33
23120;2019;6;237;0;0;48
23120;2019;9;371;0;0;81
23120;2019;12;524;1;0;107
23120;2020;3;82;0;0;24
23120;2020;6;157;0;0;41
23120;2020;9;297;1;0;52
23120;2020;12;491;1;0;90
23120;2021;3;109;0;0;19
23120;2021;6;190;0;0;41
23120;2021;9;289;0;0;57
23120;2021;12;429;1;0;71
23120;2022;3;95;1;0;6
23120;2022;6;203;2;0;11
23120;2022;9;329;2;0;13
23120;2022;12;594;2;0;14
23120;2023;3;244;0;0;3
23120;2023;6;465;2;0;7
23120;2023;9;726;2;0;9
23120;2023;12;1054;2;0;9
23120;2024;3;316;0;0;1
23120;2024;6;510;0;0;1
23120;2024;9;662;0;0;2
23120;2024;12;853;0;0;5
23120;2025;3;152;1;0;0
23120;2025;6;290;1;0;0
23120;2025;9;454;1;0;0
23120;2025;12;679;1;0;0
23120;2026;3;279;0;0;0
4101;2014;9;522;3;0;0
4101;2014;12;759;4;0;0
4101;2015;3;192;1;0;0
4101;2015;6;384;2;0;0
4101;2015;9;494;3;0;0
4101;2015;12;648;6;0;0
4101;2016;3;93;1;0;0
4101;2016;6;240;2;0;0
4101;2016;9;361;2;0;0
4101;2016;12;506;2;0;0
4101;2017;3;150;0;0;0
4101;2017;6;258;0;0;0
4101;2017;9;350;1;0;0
4101;2017;12;494;1;0;0
4101;2018;3;118;0;0;0
4101;2018;6;254;0;0;0
4101;2018;9;491;0;0;0
4101;2018;12;491;0;0;0
4101;2019;3;0;0;0;0
4101;2019;6;85;0;0;0
4101;2019;9;85;0;0;1
4101;2019;12;85;0;0;1
4101;2020;3;0;0;0;1
4101;2020;6;0;0;0;1
4101;2020;9;1;1;0;1
4101;2020;12;1;1;0;1
4101;2021;3;77;0;0;0
4101;2021;6;166;0;0;0
4101;2021;9;281;0;0;0
4101;2021;12;369;0;0;0
4101;2022;3;73;0;0;0
4101;2022;6;186;0;0;0
4101;2022;9;323;0;0;0
4101;2022;12;468;0;0;0
4101;2023;3;88;0;0;0
4101;2023;6;317;0;0;0
4101;2023;9;529;0;0;0
4101;2023;12;798;0;0;0
4101;2024;3;228;0;0;0
4101;2024;6;382;0;0;0
4101;2024;9;602;0;0;0
4101;2024;12;835;0;0;0
4101;2025;3;182;0;0;0
4101;2025;6;314;0;0;3
4101;2025;9;454;0;0;10
4101;2025;12;666;0;0;11
4101;2026;3;150;0;0;1
27897;2014;9;0;0;0;0
27897;2014;12;2037;0;0;0
27897;2015;3;640;0;0;0
27897;2015;6;1672;39;0;0
27897;2015;9;2253;39;0;0
27897;2015;12;2716;80;0;0
27897;2016;3;158;0;0;0
27897;2016;6;340;0;0;0
27897;2016;9;601;1;0;0
27897;2016;12;822;1;0;0
27897;2017;3;19;0;0;0
27897;2017;6;44;0;0;0
27897;2017;9;66;0;0;0
27897;2017;12;113;0;0;0
27897;2018;3;26;0;0;0
27897;2018;6;27;0;0;0
27897;2018;9;28;0;0;0
27897;2018;12;28;0;0;0
27897;2019;3;0;0;0;0
27897;2019;6;0;0;0;0
27897;2019;9;0;0;0;0
27897;2019;12;0;0;0;0
27897;2020;3;0;0;0;0
27897;2020;6;0;0;0;0
27897;2020;9;0;0;0;0
27897;2020;12;0;0;0;0
27897;2021;3;0;0;0;0
27897;2021;6;0;0;0;0
27897;2021;9;0;0;0;0
27897;2021;12;0;0;0;0
27897;2022;3;0;0;0;0
27897;2022;6;0;0;0;0
27897;2022;12;0;0;0;0
27897;2023;3;0;0;0;0
27897;2023;6;0;0;0;0
27897;2023;9;0;0;0;0
27897;2023;12;0;0;0;0
27897;2024;3;0;0;0;0
27897;2024;6;0;0;0;0
27897;2024;9;0;0;0;0
27897;2024;12;0;0;0;0
27897;2025;3;0;0;0;0
27897;2025;6;0;0;0;0
27897;2025;9;0;0;0;0
27897;2025;12;0;0;0;0
27897;2026;3;0;0;0;0
39333;2016;9;0;0;0;0
39333;2016;12;0;0;0;0
39333;2017;3;0;0;0;0
39333;2017;6;0;0;0;0
39333;2017;9;0;0;0;0
39333;2017;12;4;0;0;0
39333;2018;3;0;0;0;0
39333;2018;6;1;0;0;0
39333;2018;9;2;0;0;0
39333;2018;12;32;0;0;0
39333;2019;3;90;0;0;2
39333;2019;6;135;0;0;4
39333;2019;9;202;0;0;12
39333;2019;12;296;0;0;21
39333;2020;3;60;0;0;4
39333;2020;6;119;0;0;5
39333;2020;9;164;0;0;7
39333;2020;12;202;0;0;9
39333;2021;3;25;0;0;1
39333;2021;6;59;0;0;4
39333;2021;9;117;0;0;8
39333;2021;12;189;0;0;12
39333;2022;3;35;0;0;1
39333;2022;6;95;0;0;3
39333;2022;9;143;0;0;4
39333;2022;12;237;0;0;5
39333;2023;3;49;0;0;0
39333;2023;6;111;0;0;0
39333;2023;9;164;0;0;1
39333;2023;12;246;0;0;1
39333;2024;3;73;0;0;0
39333;2024;6;137;0;0;1
39333;2024;9;216;0;0;1
39333;2024;12;295;0;0;1
39333;2025;3;71;0;0;0
39333;2025;6;143;0;0;2
39333;2025;9;233;0;0;3
39333;2025;12;348;0;0;4
39333;2026;3;82;0;0;0
32804;2015;3;0;0;0;0
32804;2015;6;0;0;0;0
32804;2015;9;0;0;0;0
32804;2015;12;0;0;0;0
32804;2016;3;0;0;0;0
32804;2016;6;0;0;0;0
32804;2016;9;0;0;0;0
32804;2016;12;26;0;0;0
32804;2017;3;5;0;0;0
32804;2017;6;26;0;0;0
32804;2017;9;32;0;0;0
32804;2017;12;54;0;0;0
32804;2018;3;12;0;0;0
32804;2018;6;33;0;0;0
32804;2018;9;46;0;0;0
32804;2018;12;63;0;0;0
32804;2019;3;15;0;0;1
32804;2019;6;30;0;0;4
32804;2019;9;38;0;0;7
32804;2019;12;70;0;0;10
32804;2020;3;10;0;0;5
32804;2020;6;15;0;0;5
32804;2020;9;20;0;0;5
32804;2020;12;25;0;0;5
32804;2021;3;9;0;0;0
32804;2021;6;17;0;0;0
32804;2021;9;24;0;0;0
32804;2021;12;27;0;0;0
32804;2022;3;2;0;0;0
32804;2022;6;5;0;0;0
32804;2022;9;5;0;0;0
32804;2022;12;5;0;0;0
32804;2023;3;1;0;0;0
32804;2023;6;1;0;0;0
32804;2023;9;1;0;0;0
32804;2023;12;1;0;0;0
32804;2024;3;0;0;0;0
32804;2024;6;0;0;0;0
32804;2024;9;0;0;0;0
32804;2024;12;0;0;0;0
32804;2025;3;0;0;0;0
32804;2025;6;0;0;0;0
32804;2025;9;0;0;0;0
32804;2025;12;0;0;0;0
32804;2026;3;0;0;0;0
29102;2014;9;20;0;0;0
29102;2014;12;50;0;0;0
29102;2015;3;87;0;0;0
29102;2015;6;133;0;0;0
29102;2015;9;189;0;0;0
29102;2015;12;221;0;0;0
29102;2016;3;15;0;0;0
29102;2016;6;53;0;0;0
29102;2016;9;79;0;0;0
29102;2016;12;96;0;0;0
29102;2017;3;4;0;0;0
29102;2017;6;6;0;0;0
29102;2017;9;9;0;0;0
29102;2017;12;9;0;0;0
29102;2018;3;0;0;0;0
29102;2018;6;0;0;0;0
29102;2018;9;0;0;0;0
29102;2018;12;0;0;0;0
29102;2019;3;1;0;0;0
29102;2019;6;1;0;0;0
29102;2019;9;1;0;0;0
29102;2019;12;1;0;0;0
29102;2020;3;0;0;0;0
29102;2020;6;0;0;0;0
29102;2020;9;0;0;0;0
29102;2020;12;0;0;0;0
29102;2021;3;0;0;0;0
29102;2021;6;0;0;0;0
29102;2021;9;0;0;0;0
29102;2021;12;0;0;0;0
29102;2022;3;0;0;0;0
29102;2022;6;0;0;0;0
29102;2022;12;0;0;0;0
29102;2023;3;0;0;0;0
29102;2023;6;0;0;0;0
29102;2023;9;0;0;0;0
29102;2023;12;0;0;0;0
29102;2024;3;0;0;0;0
29102;2024;6;0;0;0;0
29102;2024;9;0;0;0;0
29102;2024;12;0;0;0;0
29102;2025;3;0;0;0;0
29102;2025;6;0;0;0;0
29102;2025;9;0;0;0;0
29102;2025;12;0;0;0;0
29102;2026;3;0;0;0;0
38281;2016;6;0;0;0;0
38281;2016;9;1;0;0;0
38281;2016;12;7;0;0;0
38281;2017;3;1;0;0;0
38281;2017;6;15;0;0;0
38281;2017;9;36;0;0;0
38281;2017;12;36;0;0;0
38281;2018;3;0;0;0;0
38281;2018;6;0;0;0;0
38281;2018;9;0;0;0;0
38281;2018;12;0;0;0;0
38281;2019;3;0;0;0;0
38281;2019;6;0;0;0;0
38281;2019;9;0;0;0;0
38281;2019;12;0;0;0;0
38281;2020;3;0;0;0;0
38281;2020;6;0;0;0;0
38281;2020;9;0;0;0;0
38281;2020;12;0;0;0;0
38281;2021;3;33;0;0;11
38281;2021;6;111;0;0;13
38281;2021;9;151;0;0;19
38281;2021;12;221;0;0;21
38281;2022;3;38;0;0;1
38281;2022;6;106;0;0;2
38281;2022;9;175;0;0;3
38281;2022;12;243;0;0;3
38281;2023;3;60;0;0;0
38281;2023;6;143;0;0;0
38281;2023;9;224;0;0;0
38281;2023;12;325;0;0;0
38281;2024;3;74;0;0;0
38281;2024;6;145;0;0;0
38281;2024;9;177;0;0;0
38281;2024;12;310;0;0;1
38281;2025;3;57;0;0;0
38281;2025;6;150;0;0;0
38281;2025;9;239;0;0;3
38281;2025;12;358;0;0;3
38281;2026;3;119;0;0;0
7473;2014;9;77;2;0;0
7473;2014;12;93;3;0;0
7473;2015;3;13;0;0;0
7473;2015;6;21;0;0;0
7473;2015;9;37;0;0;0
7473;2015;12;60;0;0;0
7473;2016;3;22;0;0;0
7473;2016;6;39;0;0;0
7473;2016;9;59;0;0;0
7473;2016;12;82;0;0;0
7473;2017;3;4;0;0;0
7473;2017;6;18;0;0;0
7473;2017;9;39;0;0;0
7473;2017;12;39;0;0;0
7473;2018;3;0;0;0;0
7473;2018;6;0;0;0;0
7473;2018;9;0;0;0;0
7473;2018;12;0;0;0;0
7473;2019;3;0;0;0;0
7473;2019;6;0;0;0;0
7473;2019;9;0;0;0;0
7473;2019;12;0;0;0;0
7473;2020;3;0;0;0;0
7473;2020;6;0;0;0;0
7473;2020;9;0;0;0;0
7473;2020;12;0;0;0;0
7473;2021;3;9;0;0;4
7473;2021;6;17;0;0;10
7473;2021;9;31;0;0;14
7473;2021;12;45;0;0;15
7473;2022;3;11;0;0;1
7473;2022;6;28;0;0;3
7473;2022;9;39;0;0;5
7473;2022;12;53;0;0;5
7473;2023;3;19;0;0;0
7473;2023;6;32;0;0;0
7473;2023;9;57;0;0;0
7473;2023;12;68;0;0;0
7473;2024;3;5;0;0;0
7473;2024;6;14;0;0;0
7473;2024;9;26;0;0;0
7473;2024;12;53;0;0;0
7473;2025;3;20;0;0;0
7473;2025;6;50;0;0;0
7473;2025;9;72;0;0;0
7473;2025;12;92;0;0;0
7473;2026;3;20;0;0;0
23295;2014;9;0;0;0;0
23295;2014;12;0;0;0;0
23295;2015;3;0;0;0;0
23295;2015;6;0;0;0;0
23295;2015;9;0;0;0;0
23295;2015;12;0;0;0;0
23295;2016;3;0;0;0;0
23295;2016;6;1;0;0;0
23295;2016;9;5;1;0;0
23295;2016;12;5;1;0;0
23295;2017;3;0;0;0;0
23295;2017;6;0;0;0;0
23295;2017;9;0;0;0;0
23295;2017;12;0;0;0;0
23295;2018;3;0;0;0;0
23295;2018;6;0;0;0;0
23295;2018;9;0;0;0;0
23295;2018;12;0;0;0;0
23295;2019;3;0;0;0;0
23295;2019;6;0;0;0;0
23295;2019;9;0;0;0;0
23295;2019;12;0;0;0;0
23295;2020;3;0;0;0;0
23295;2020;6;0;0;0;0
23295;2020;9;0;0;0;0
23295;2020;12;97;0;0;13
23295;2021;3;55;0;0;3
23295;2021;6;97;0;0;6
23295;2021;9;127;0;0;7
23295;2021;12;143;0;0;9
23295;2022;3;13;0;0;0
23295;2022;6;25;0;0;0
23295;2022;9;36;0;0;0
23295;2022;12;59;0;0;0
23295;2023;3;0;0;0;0
23295;2023;6;13;0;0;0
23295;2023;9;23;0;0;0
23295;2023;12;26;0;0;0
23295;2024;3;0;0;0;0
23295;2024;6;4;0;0;0
23295;2024;9;8;0;0;0
23295;2024;12;18;0;0;0
23295;2025;3;1;0;0;0
23295;2025;6;1;0;0;0
23295;2025;9;1;0;0;0
23295;2025;12;2;0;0;0
23295;2026;3;0;0;0;0
3012;2014;9;0;0;0;0
3012;2014;12;0;0;0;0
3012;2015;3;0;0;0;0
3012;2015;6;0;0;0;0
3012;2015;9;0;0;0;0
3012;2015;12;0;0;0;0
3012;2016;3;0;0;0;0
3012;2016;6;0;0;0;0
3012;2016;9;0;0;0;0
3012;2016;12;0;0;0;0
3012;2017;3;0;0;0;0
3012;2017;6;0;0;0;0
3012;2017;9;0;0;0;0
3012;2017;12;0;0;0;0
3012;2018;3;0;0;0;0
3012;2018;6;0;0;0;0
3012;2018;9;0;0;0;0
3012;2018;12;0;0;0;0
3012;2019;3;0;0;0;0
3012;2019;6;0;0;0;0
3012;2019;9;0;0;0;0
3012;2019;12;0;0;0;0
3012;2020;3;0;0;0;0
3012;2020;6;0;0;0;0
3012;2020;9;0;0;0;0
3012;2020;12;0;0;0;0
3012;2021;3;0;0;0;0
3012;2021;6;0;0;0;0
3012;2021;9;0;0;0;0
3012;2021;12;0;0;0;0
3012;2022;3;0;0;0;0
3012;2022;6;0;0;0;0
3012;2022;9;0;0;0;0
3012;2022;12;0;0;0;0
3012;2023;3;0;0;0;0
3012;2023;6;0;0;0;0
3012;2023;9;0;0;0;0
3012;2023;12;0;0;0;0
3012;2024;9;0;0;0;0
3012;2024;12;0;0;0;0
3012;2025;3;0;0;0;0
3012;2025;6;0;0;0;0
3012;2025;9;0;0;0;0
3012;2025;12;0;0;0;0
3012;2026;3;0;0;0;0
6940;2014;9;355;2;0;0
6940;2014;12;517;8;0;0
6940;2015;3;124;3;0;0
6940;2015;6;317;7;0;0
6940;2015;9;440;15;0;0
6940;2015;12;568;19;0;0
6940;2016;3;111;4;0;0
6940;2016;6;232;5;0;0
6940;2016;9;321;5;0;0
6940;2016;12;425;5;0;0
6940;2017;3;51;0;0;0
6940;2017;6;142;0;0;0
6940;2017;9;260;0;0;0
6940;2017;12;474;0;0;0
6940;2018;3;141;0;0;0
6940;2018;6;313;0;0;0
6940;2018;9;352;1;0;0
6940;2018;12;352;1;0;0
6940;2019;3;0;0;0;0
6940;2019;6;0;0;0;0
6940;2019;9;0;0;0;0
6940;2019;12;0;0;0;0
6940;2020;3;0;0;0;0
6940;2020;6;0;0;0;0
6940;2020;9;0;0;0;0
6940;2020;12;3;0;0;1
6940;2021;3;24;0;0;2
6940;2021;6;66;0;0;7
6940;2021;9;134;0;0;9
6940;2021;12;225;0;0;14
6940;2022;3;46;0;0;1
6940;2022;6;125;0;0;2
6940;2022;9;194;0;0;2
6940;2022;12;273;0;0;2
6940;2023;3;57;0;0;1
6940;2023;6;112;0;0;1
6940;2023;9;203;0;0;1
6940;2023;12;270;0;0;1
6940;2024;3;38;1;0;0
6940;2024;6;119;1;0;0
6940;2024;9;173;1;0;0
6940;2024;12;276;1;0;0
6940;2025;3;72;0;0;0
6940;2025;6;130;0;0;0
6940;2025;9;204;0;0;0
6940;2025;12;293;0;0;0
6940;2026;3;36;0;0;0
36104;2016;3;0;0;0;0
36104;2016;6;4;0;0;0
36104;2016;9;24;0;0;0
36104;2016;12;52;0;0;0
36104;2017;3;2;0;0;0
36104;2017;6;2;0;0;0
36104;2017;9;2;0;0;0
36104;2017;12;11;0;0;0
36104;2018;3;16;0;0;0
36104;2018;6;16;0;0;0
36104;2018;9;16;0;0;0
36104;2018;12;16;0;0;0
36104;2019;3;0;0;0;7
36104;2019;6;0;0;0;14
36104;2019;9;0;0;0;18
36104;2019;12;0;0;0;23
36104;2020;3;0;0;0;3
36104;2020;6;0;0;0;6
36104;2020;9;16;0;0;11
36104;2020;12;62;0;0;16
36104;2021;3;25;0;0;6
36104;2021;6;71;0;0;9
36104;2021;9;120;0;0;9
36104;2021;12;172;0;0;10
36104;2022;3;19;1;0;0
36104;2022;6;54;1;0;0
36104;2022;9;111;1;0;0
36104;2022;12;187;1;0;2
36104;2023;3;32;0;0;0
36104;2023;6;83;0;0;0
36104;2023;9;134;0;0;0
36104;2023;12;190;0;0;0
36104;2024;3;29;0;0;0
36104;2024;6;77;0;0;0
36104;2024;9;108;0;0;0
36104;2024;12;159;0;0;0
36104;2025;3;16;0;0;0
36104;2025;6;57;0;0;0
36104;2025;9;100;0;0;0
36104;2025;12;146;0;0;0
36104;2026;3;21;0;0;0
6486;2014;9;147;1;0;0
6486;2014;12;164;1;0;0
6486;2015;3;33;2;0;0
6486;2015;6;58;9;0;0
6486;2015;9;89;10;0;0
6486;2015;12;126;17;0;0
6486;2016;3;25;4;0;0
6486;2016;6;49;5;0;0
6486;2016;9;116;6;0;0
6486;2016;12;133;6;0;0
6486;2017;3;25;0;0;0
6486;2017;6;54;0;0;0
6486;2017;9;98;0;0;0
6486;2017;12;133;0;0;0
6486;2018;3;54;4;0;0
6486;2018;6;108;7;0;0
6486;2018;9;138;7;0;0
6486;2018;12;166;7;0;0
6486;2019;3;49;0;0;4
6486;2019;6;72;0;0;4
6486;2019;9;79;0;0;5
6486;2019;12;94;0;0;7
6486;2020;3;8;0;0;4
6486;2020;6;22;0;0;5
6486;2020;9;33;0;0;8
6486;2020;12;41;0;0;8
6486;2021;3;4;0;0;0
6486;2021;6;10;0;0;0
6486;2021;9;19;0;0;1
6486;2021;12;28;0;0;1
6486;2022;3;31;0;0;0
6486;2022;6;40;0;0;0
6486;2022;9;49;0;0;1
6486;2022;12;60;0;0;2
6486;2023;3;1;0;0;0
6486;2023;6;6;0;0;0
6486;2023;9;13;0;0;0
6486;2023;12;17;0;0;0
6486;2024;3;1;0;0;0
6486;2024;6;7;0;0;0
6486;2024;9;10;0;0;1
6486;2024;12;19;0;0;1
6486;2025;3;3;0;0;0
6486;2025;6;7;0;0;1
6486;2025;9;18;0;0;1
6486;2025;12;18;0;0;1
6486;2026;3;0;0;0;0
39448;2019;9;0;0;0;0
39448;2019;12;0;0;0;0
39448;2020;3;0;0;0;0
39448;2020;6;0;0;0;0
39448;2020;9;0;0;0;0
39448;2020;12;0;0;0;0
39448;2021;3;5;0;0;1
39448;2021;6;17;0;0;4
39448;2021;9;17;0;0;4
39448;2021;12;18;0;0;4
39448;2022;3;22;0;0;1
39448;2022;6;51;0;0;1
39448;2022;12;132;0;0;4
39448;2023;3;18;0;0;0
39448;2023;6;45;0;0;0
39448;2023;9;83;0;0;0
39448;2023;12;113;0;0;0
39448;2024;3;16;0;0;0
39448;2024;6;48;0;0;0
39448;2024;9;91;0;0;0
39448;2024;12;117;0;0;0
39448;2025;3;17;0;0;0
39448;2025;6;70;0;0;3
39448;2025;9;126;0;0;6
39448;2025;12;179;0;0;9
39448;2026;3;28;0;0;0
26953;2014;9;82;0;0;0
26953;2014;12;137;0;0;0
26953;2015;3;29;0;0;0
26953;2015;6;59;0;0;0
26953;2015;9;76;0;0;0
26953;2015;12;105;0;0;0
26953;2016;3;23;0;0;0
26953;2016;6;33;0;0;0
26953;2016;9;35;0;0;0
26953;2016;12;47;1;0;0
26953;2017;3;8;0;0;0
26953;2017;6;20;0;0;0
26953;2017;9;27;0;0;0
26953;2017;12;30;0;0;0
26953;2018;3;0;0;0;0
26953;2018;6;0;0;0;0
26953;2018;9;0;0;0;0
26953;2018;12;0;0;0;0
26953;2019;3;0;0;0;0
26953;2019;6;0;0;0;0
26953;2019;9;0;0;0;0
26953;2019;12;0;0;0;0
26953;2020;3;0;0;0;0
26953;2020;6;0;0;0;0
26953;2020;9;0;0;0;1
26953;2020;12;18;0;0;3
26953;2021;3;9;0;0;4
26953;2021;6;35;0;0;6
26953;2021;9;62;1;0;6
26953;2021;12;93;1;0;8
26953;2022;3;27;0;0;0
26953;2022;6;70;1;0;0
26953;2022;9;98;1;0;2
26953;2022;12;126;1;0;2
26953;2023;3;17;0;0;0
26953;2023;6;30;0;0;1
26953;2023;9;40;0;0;2
26953;2023;12;58;0;0;4
26953;2024;3;23;0;0;0
26953;2024;6;36;0;0;2
26953;2024;9;58;0;0;2
26953;2024;12;81;0;0;3
26953;2025;3;17;0;0;0
26953;2025;6;38;0;0;2
26953;2025;9;67;0;0;2
26953;2025;12;100;0;0;2
26953;2026;3;9;0;0;2
28012;2014;9;2479;0;0;0
28012;2014;12;3660;0;0;0
28012;2015;3;1614;2;0;0
28012;2015;6;4017;137;0;0
28012;2015;9;5563;162;0;0
28012;2015;12;8024;246;0;0
28012;2016;3;1173;8;0;0
28012;2016;6;2955;14;0;0
28012;2016;9;3738;21;0;0
28012;2016;12;4465;27;0;0
28012;2017;3;410;0;0;0
28012;2017;6;933;0;0;0
28012;2017;9;1360;1;0;0
28012;2017;12;1826;1;0;0
28012;2018;3;353;0;0;0
28012;2018;6;617;2;0;0
28012;2018;9;709;3;0;0
28012;2018;12;709;3;0;0
28012;2019;3;0;0;0;0
28012;2019;6;0;0;0;0
28012;2019;9;0;0;0;0
28012;2019;12;0;0;0;0
28012;2020;3;0;0;0;0
28012;2020;6;0;0;0;0
28012;2020;9;0;0;0;0
28012;2020;12;0;0;0;0
28012;2021;3;0;0;0;0
28012;2021;6;222;2;0;0
28012;2021;9;590;2;0;9
28012;2021;12;1882;8;0;15
28012;2022;3;553;0;0;4
28012;2022;6;1895;3;0;5
28012;2022;9;2606;3;0;7
28012;2022;12;2916;3;0;7
28012;2023;3;533;0;0;2
28012;2023;6;1172;0;0;2
28012;2023;9;1889;1;0;50
28012;2023;12;2746;3;0;75
28012;2024;3;609;0;0;15
28012;2024;6;1234;0;0;15
28012;2024;9;1750;0;0;15
28012;2024;12;2648;0;0;16
28012;2025;3;960;0;0;3
28012;2025;6;1391;0;0;5
28012;2025;9;1925;0;0;14
28012;2025;12;2641;0;0;21
28012;2026;3;371;6;0;0
31473;2014;9;0;0;0;0
31473;2014;12;7;0;0;0
31473;2015;3;19;1;0;0
31473;2015;6;31;2;0;0
31473;2015;9;33;2;0;0
31473;2015;12;37;2;0;0
31473;2016;3;1;0;0;0
31473;2016;6;7;0;0;0
31473;2016;9;7;0;0;0
31473;2016;12;7;0;0;0
31473;2017;3;0;0;0;0
31473;2017;6;0;0;0;0
31473;2017;9;0;0;0;0
31473;2017;12;0;0;0;0
31473;2018;3;0;0;0;0
31473;2018;6;0;0;0;0
31473;2018;9;0;0;0;0
31473;2018;12;0;0;0;0
31473;2019;3;0;0;0;0
31473;2019;6;0;0;0;0
31473;2019;9;0;0;0;0
31473;2019;12;0;0;0;0
31473;2020;3;0;0;0;0
31473;2020;6;0;0;0;0
31473;2020;9;0;0;0;0
31473;2020;12;0;0;0;0
31473;2021;3;0;0;0;0
31473;2021;6;0;0;0;0
31473;2021;9;0;0;0;0
31473;2021;12;0;0;0;0
31473;2022;3;0;0;0;0
31473;2022;6;0;0;0;0
31473;2022;12;0;0;0;0
31473;2023;3;0;0;0;0
31473;2023;6;0;0;0;0
31473;2023;9;0;0;0;0
31473;2023;12;0;0;0;0
31473;2024;3;0;0;0;0
31473;2024;6;0;0;0;0
31473;2024;9;0;0;0;0
31473;2024;12;0;0;0;0
31473;2025;3;0;0;0;0
31473;2025;6;0;0;0;0
31473;2025;9;0;0;0;0
31473;2025;12;0;0;0;0
31473;2026;3;0;0;0;0
2741;2014;9;0;0;0;0
2741;2014;12;0;0;0;0
2741;2015;3;49;0;0;0
2741;2015;6;68;0;0;0
2741;2015;9;272;3;0;0
2741;2015;12;347;4;0;0
2741;2016;3;0;0;0;0
2741;2016;6;0;0;0;0
2741;2016;9;0;0;0;0
2741;2016;12;0;0;0;0
2741;2017;3;0;0;0;0
2741;2017;6;0;0;0;0
2741;2017;9;0;0;0;0
2741;2017;12;0;0;0;0
2741;2018;3;6;0;0;0
2741;2018;6;84;0;0;0
2741;2018;9;126;0;0;0
2741;2018;12;126;0;0;0
2741;2019;3;0;0;0;0
2741;2019;6;92;0;0;0
2741;2019;9;217;0;0;0
2741;2019;12;389;0;0;0
2741;2020;3;87;0;0;0
2741;2020;6;113;0;0;0
2741;2020;9;113;0;0;0
2741;2020;12;221;0;0;0
2741;2021;3;42;0;0;0
2741;2021;6;63;0;0;0
2741;2021;9;84;0;0;0
2741;2021;12;174;0;0;0
2741;2022;3;27;0;0;0
2741;2022;6;50;0;0;0
2741;2022;9;66;0;0;0
2741;2022;12;146;0;0;0
2741;2023;3;9;0;0;0
2741;2023;6;21;0;0;0
2741;2023;9;24;0;0;2
2741;2023;12;24;0;0;2
2741;2024;3;0;0;0;0
2741;2024;6;1;0;0;0
2741;2024;9;3;0;0;0
2741;2024;12;4;0;0;3
2741;2025;3;1;0;0;0
2741;2025;6;4;0;0;1
2741;2025;9;7;0;0;1
2741;2025;12;7;0;0;1
2741;2026;3;0;0;0;0
37495;2016;6;0;0;0;0
37495;2016;9;0;0;0;0
37495;2016;12;0;0;0;0
37495;2017;3;0;0;0;0
37495;2017;6;0;0;0;0
37495;2017;9;0;0;0;0
37495;2017;12;2;0;0;0
37495;2018;3;0;0;0;0
37495;2018;6;2;0;0;0
37495;2018;9;2;0;0;0
37495;2018;12;3;0;0;0
37495;2019;3;0;0;0;0
37495;2019;6;0;0;0;0
37495;2019;9;0;0;0;0
37495;2019;12;0;0;0;0
37495;2020;3;0;0;0;0
37495;2020;6;0;0;0;0
37495;2020;9;0;0;0;0
37495;2020;12;0;0;0;0
37495;2021;3;0;0;0;0
37495;2021;6;0;0;0;0
37495;2021;9;0;0;0;0
37495;2021;12;0;0;0;0
37495;2022;3;0;0;0;0
37495;2022;6;1;0;0;0
37495;2022;9;1;0;0;0
37495;2022;12;1;0;0;0
37495;2023;3;0;0;0;0
37495;2023;6;0;0;0;0
37495;2023;9;0;0;0;0
37495;2023;12;0;0;0;0
37495;2024;3;0;0;0;0
37495;2024;6;0;0;0;0
37495;2024;9;0;0;0;0
37495;2024;12;0;0;0;0
37495;2025;3;0;0;0;0
37495;2025;6;0;0;0;0
37495;2025;9;0;0;0;0
37495;2025;12;0;0;0;0
37495;2026;3;0;0;0;0
33726;2015;3;0;0;0;0
33726;2015;6;2;0;0;0
33726;2015;9;2;0;0;0
33726;2015;12;2;0;0;0
33726;2016;3;0;0;0;0
33726;2016;6;0;0;0;0
33726;2016;9;0;0;0;0
33726;2016;12;0;0;0;0
33726;2017;3;0;0;0;0
33726;2017;6;0;0;0;0
33726;2017;9;0;0;0;0
33726;2017;12;0;0;0;0
33726;2018;3;0;0;0;0
33726;2018;6;0;0;0;0
33726;2018;9;0;0;0;0
33726;2018;12;0;0;0;0
33726;2019;3;0;0;0;0
33726;2019;6;0;0;0;0
33726;2019;9;0;0;0;0
33726;2019;12;0;0;0;0
33726;2020;3;0;0;0;0
33726;2020;6;0;0;0;0
33726;2020;9;0;0;0;0
33726;2020;12;0;0;0;0
33726;2021;3;0;0;0;0
33726;2021;6;0;0;0;0
33726;2021;9;0;0;0;0
33726;2021;12;0;0;0;0
33726;2022;3;0;0;0;0
33726;2022;6;0;0;0;0
33726;2022;9;0;0;0;0
33726;2022;12;0;0;0;0
33726;2023;3;0;0;0;0
33726;2023;6;0;0;0;0
33726;2023;9;0;0;0;0
33726;2023;12;0;0;0;0
33726;2024;9;0;0;0;0
33726;2024;12;0;0;0;0
33726;2025;3;0;0;0;0
33726;2025;6;0;0;0;0
33726;2025;9;0;0;0;0
33726;2025;12;0;0;0;0
33726;2026;3;0;0;0;0
17461;2014;9;0;0;0;0
17461;2014;12;0;0;0;0
17461;2015;3;0;0;0;0
17461;2015;6;0;0;0;0
17461;2015;9;0;0;0;0
17461;2015;12;0;0;0;0
17461;2016;3;0;0;0;0
17461;2016;6;0;0;0;0
17461;2016;9;0;0;0;0
17461;2016;12;0;0;0;0
17461;2017;3;0;0;0;0
17461;2017;6;0;0;0;0
17461;2017;9;1;0;0;0
17461;2017;12;45;0;0;0
17461;2018;3;25;0;0;0
17461;2018;6;48;0;0;0
17461;2018;9;82;0;0;0
17461;2018;12;113;0;0;0
17461;2019;3;28;0;0;12
17461;2019;6;56;0;0;21
17461;2019;9;79;0;0;34
17461;2019;12;120;0;0;46
17461;2020;3;26;0;0;7
17461;2020;6;48;1;0;15
17461;2020;9;48;1;0;15
17461;2020;12;48;1;0;15
17461;2021;3;0;0;0;0
17461;2021;6;28;0;0;6
17461;2021;9;95;0;0;15
17461;2021;12;194;1;0;28
17461;2022;3;34;0;0;0
17461;2022;6;109;0;0;3
17461;2022;9;109;0;0;3
17461;2022;12;143;0;0;3
17461;2023;3;19;0;0;0
17461;2023;6;39;1;0;0
17461;2023;9;75;1;0;1
17461;2023;12;117;1;0;3
17461;2024;3;30;0;0;2
17461;2024;6;90;0;0;2
17461;2024;9;125;0;0;2
17461;2024;12;173;0;0;4
17461;2025;3;41;2;0;1
17461;2025;6;163;2;0;1
17461;2025;9;277;2;0;2
17461;2025;12;376;3;0;2
17461;2026;3;74;0;0;1
28929;2014;9;0;0;0;0
28929;2014;12;0;0;0;0
28929;2015;3;27;0;0;0
28929;2015;6;58;0;0;0
28929;2015;9;81;0;0;0
28929;2015;12;82;0;0;0
28929;2016;3;9;0;0;0
28929;2016;6;24;0;0;0
28929;2016;9;37;0;0;0
28929;2016;12;66;0;0;0
28929;2017;3;20;0;0;0
28929;2017;6;45;0;0;0
28929;2017;9;79;0;0;0
28929;2017;12;113;0;0;0
28929;2018;3;24;0;0;0
28929;2018;6;41;0;0;0
28929;2018;9;74;0;0;0
28929;2018;12;94;0;0;0
28929;2019;3;3;0;0;0
28929;2019;6;3;0;0;0
28929;2019;9;4;0;0;0
28929;2019;12;7;0;0;0
28929;2020;3;38;0;0;8
28929;2020;6;57;0;0;10
28929;2020;9;128;0;0;20
28929;2020;12;172;0;0;22
28929;2021;3;27;0;0;15
28929;2021;6;67;0;0;15
28929;2021;9;103;0;0;16
28929;2021;12;125;0;0;17
28929;2022;3;33;0;0;0
28929;2022;6;65;0;0;12
28929;2022;9;103;0;0;18
28929;2022;12;144;0;0;24
28929;2023;3;19;0;0;2
28929;2023;6;40;0;0;3
28929;2023;9;72;0;0;3
28929;2023;12;180;0;0;3
28929;2024;3;26;0;0;0
28929;2024;6;56;0;0;2
28929;2024;9;85;0;0;2
28929;2024;12;116;0;0;2
28929;2025;3;18;0;0;0
28929;2025;6;53;0;0;0
28929;2025;9;92;0;0;0
28929;2025;12;144;0;0;2
28929;2026;3;68;2;0;1
14548;2014;9;0;0;0;0
14548;2014;12;148;0;0;0
14548;2015;3;18;0;0;0
14548;2015;6;42;0;0;0
14548;2015;9;90;0;0;0
14548;2015;12;129;1;0;0
14548;2016;3;17;0;0;0
14548;2016;6;40;0;0;0
14548;2016;9;73;3;0;0
14548;2016;12;160;5;0;0
14548;2017;3;7;0;0;0
14548;2017;6;36;0;0;0
14548;2017;9;56;0;0;0
14548;2017;12;72;0;0;0
14548;2018;3;25;0;0;0
14548;2018;6;44;0;0;0
14548;2018;9;71;0;0;0
14548;2018;12;96;0;0;0
14548;2019;3;15;0;0;0
14548;2019;6;35;0;0;0
14548;2019;9;58;0;0;0
14548;2019;12;72;0;0;0
14548;2020;3;21;0;0;0
14548;2020;6;37;0;0;1
14548;2020;9;53;0;0;4
14548;2020;12;74;0;0;4
14548;2021;3;45;0;0;1
14548;2021;6;81;0;0;1
14548;2021;9;111;0;0;1
14548;2021;12;152;0;0;1
14548;2022;3;34;0;0;0
14548;2022;6;74;0;0;0
14548;2022;9;99;0;0;0
14548;2022;12;134;0;0;0
14548;2023;3;20;0;0;0
14548;2023;6;20;0;0;0
14548;2023;9;60;0;0;0
14548;2023;12;101;0;0;2
14548;2024;3;31;0;0;4
14548;2024;6;51;0;0;5
14548;2024;9;78;0;0;5
14548;2024;12;119;0;0;5
14548;2025;3;35;0;0;1
14548;2025;6;60;0;0;1
14548;2025;9;81;0;0;2
14548;2025;12;116;0;0;2
14548;2026;3;13;0;0;0
28571;2014;9;0;0;0;0
28571;2014;12;0;0;0;0
28571;2015;3;0;0;0;0
28571;2015;6;16;0;0;0
28571;2015;9;48;0;0;0
28571;2015;12;111;0;0;0
28571;2016;3;58;0;0;0
28571;2016;6;138;0;0;0
28571;2016;9;187;0;0;0
28571;2016;12;278;0;0;0
28571;2017;3;24;0;0;0
28571;2017;6;55;0;0;0
28571;2017;9;91;0;0;0
28571;2017;12;169;0;0;0
28571;2018;3;32;0;0;0
28571;2018;6;76;0;0;0
28571;2018;9;111;0;0;0
28571;2018;12;179;0;0;0
28571;2019;3;50;0;0;3
28571;2019;6;87;0;0;19
28571;2019;9;113;0;0;24
28571;2019;12;159;0;0;33
28571;2020;3;4;0;0;0
28571;2020;6;4;0;0;0
28571;2020;9;5;0;0;1
28571;2020;12;5;0;0;1
28571;2021;3;0;0;0;0
28571;2021;6;0;0;0;1
28571;2021;9;0;0;0;1
28571;2021;12;0;0;0;1
28571;2022;3;0;0;0;0
28571;2022;6;0;0;0;0
28571;2022;12;0;0;0;0
28571;2023;3;0;0;0;0
28571;2023;6;0;0;0;0
28571;2023;9;0;0;0;0
28571;2023;12;0;0;0;0
28571;2024;3;0;0;0;0
28571;2024;6;0;0;0;0
28571;2024;9;0;0;0;0
28571;2024;12;0;0;0;0
28571;2025;3;0;0;0;0
28571;2025;6;0;0;0;0
28571;2025;9;0;0;0;0
28571;2025;12;0;0;0;0
28571;2026;3;0;0;0;0
12596;2014;9;1;0;0;0
12596;2014;12;1;0;0;0
12596;2015;3;0;0;0;0
12596;2015;6;0;0;0;0
12596;2015;9;0;0;0;0
12596;2015;12;0;0;0;0
12596;2016;3;0;0;0;0
12596;2016;6;0;0;0;0
12596;2016;9;0;0;0;0
12596;2016;12;0;0;0;0
12596;2017;3;0;0;0;0
12596;2017;6;0;0;0;0
12596;2017;9;0;0;0;0
12596;2017;12;0;0;0;0
12596;2018;3;0;0;0;0
12596;2018;6;0;0;0;0
12596;2018;9;0;0;0;0
12596;2018;12;0;0;0;0
12596;2019;3;0;0;0;0
12596;2019;6;0;0;0;0
12596;2019;9;0;0;0;0
12596;2019;12;0;0;0;0
12596;2020;3;0;0;0;0
12596;2020;6;0;0;0;0
12596;2020;9;0;0;0;0
12596;2020;12;0;0;0;0
12596;2021;3;0;0;0;0
12596;2021;6;0;0;0;0
12596;2021;9;0;0;0;0
12596;2021;12;0;0;0;0
12596;2022;3;0;0;0;0
12596;2022;6;0;0;0;0
12596;2022;9;0;0;0;0
12596;2022;12;0;0;0;0
12596;2023;3;0;0;0;0
12596;2023;6;0;0;0;0
12596;2023;9;0;0;0;0
12596;2023;12;0;0;0;0
12596;2024;9;0;0;0;0
12596;2024;12;0;0;0;0
12596;2025;3;0;0;0;0
12596;2025;6;0;0;0;0
12596;2025;9;0;0;0;0
12596;2025;12;0;0;0;0
12596;2026;3;0;0;0;0
726;2014;9;14;1;0;0
726;2014;12;14;1;0;0
726;2015;3;0;0;0;0
726;2015;6;0;0;0;0
726;2015;9;0;0;0;0
726;2015;12;0;0;0;0
726;2016;3;2;0;0;0
726;2016;6;2;0;0;0
726;2016;9;4;0;0;0
726;2016;12;6;1;0;0
726;2017;3;0;0;0;0
726;2017;6;5;0;0;0
726;2017;9;9;0;0;0
726;2017;12;13;0;0;0
726;2018;3;0;0;0;0
726;2018;6;0;0;0;0
726;2018;9;0;0;0;0
726;2018;12;0;0;0;0
726;2019;3;0;0;0;0
726;2019;6;0;0;0;0
726;2019;9;0;0;0;0
726;2019;12;0;0;0;0
726;2020;3;0;0;0;0
726;2020;6;0;0;0;0
726;2020;9;0;0;0;0
726;2020;12;0;0;0;0
726;2021;3;0;0;0;0
726;2021;6;0;0;0;0
726;2021;9;0;0;0;0
726;2021;12;0;0;0;0
726;2022;3;0;0;0;0
726;2022;6;0;0;0;0
726;2022;9;0;0;0;0
726;2022;12;0;0;0;0
726;2023;3;0;0;0;0
726;2023;6;0;0;0;0
726;2023;9;0;0;0;0
726;2023;12;0;0;0;0
726;2024;3;0;0;0;0
726;2024;6;0;0;0;0
726;2024;9;0;0;0;0
726;2024;12;0;0;0;0
726;2025;3;0;0;0;0
726;2025;6;0;0;0;0
726;2025;9;0;0;0;0
726;2025;12;0;0;0;0
726;2026;3;0;0;0;0
23699;2014;9;47;1;0;0
23699;2014;12;84;1;0;0
23699;2015;3;42;1;0;0
23699;2015;6;94;1;0;0
23699;2015;9;127;1;0;0
23699;2015;12;190;1;0;0
23699;2016;3;76;0;0;0
23699;2016;6;105;0;0;0
23699;2016;9;147;0;0;0
23699;2016;12;208;0;0;0
23699;2017;3;19;0;0;0
23699;2017;6;51;0;0;0
23699;2017;9;54;0;0;0
23699;2017;12;126;0;0;0
23699;2018;3;16;0;0;0
23699;2018;6;56;2;0;0
23699;2018;9;88;2;0;0
23699;2018;12;198;2;0;0
23699;2019;3;12;0;0;0
23699;2019;6;27;0;0;2
23699;2019;9;45;0;0;2
23699;2019;12;51;0;0;2
23699;2020;3;0;0;0;0
23699;2020;6;0;0;0;0
23699;2020;9;0;0;0;0
23699;2020;12;1;0;0;0
23699;2021;3;0;0;0;0
23699;2021;6;7;0;0;0
23699;2021;9;19;0;0;0
23699;2021;12;47;0;0;0
23699;2022;3;33;0;0;0
23699;2022;6;61;0;0;1
23699;2022;9;87;0;0;2
23699;2022;12;139;0;0;2
23699;2023;3;25;0;0;0
23699;2023;6;68;0;0;0
23699;2023;9;146;0;0;1
23699;2023;12;348;0;0;2
23699;2024;3;13;0;0;0
23699;2024;6;54;0;0;0
23699;2024;9;133;0;0;0
23699;2024;12;177;0;0;0
23699;2025;3;15;0;0;0
23699;2025;6;41;0;0;0
23699;2025;9;89;0;0;0
23699;2025;12;139;0;0;0
23699;2026;3;33;0;0;1
30297;2014;9;0;0;0;0
30297;2014;12;41;0;0;0
30297;2015;3;29;0;0;0
30297;2015;6;45;0;0;0
30297;2015;9;50;0;0;0
30297;2015;12;72;1;0;0
30297;2016;3;8;0;0;0
30297;2016;6;24;0;0;0
30297;2016;9;33;0;0;0
30297;2016;12;41;0;0;0
30297;2017;3;1;0;0;0
30297;2017;6;2;0;0;0
30297;2017;9;3;0;0;0
30297;2017;12;3;0;0;0
30297;2018;3;0;0;0;0
30297;2018;6;0;0;0;0
30297;2018;9;0;0;0;0
30297;2018;12;0;0;0;0
30297;2019;3;0;0;0;0
30297;2019;6;0;0;0;0
30297;2019;9;0;0;0;0
30297;2019;12;0;0;0;0
30297;2020;3;0;0;0;0
30297;2020;6;0;0;0;0
30297;2020;9;0;0;0;0
30297;2020;12;0;0;0;0
30297;2021;3;0;0;0;0
30297;2021;6;0;0;0;0
30297;2021;9;0;0;0;0
30297;2021;12;0;0;0;0
30297;2022;3;0;0;0;0
30297;2022;6;0;0;0;0
30297;2022;12;0;0;0;0
30297;2023;3;0;0;0;0
30297;2023;6;0;0;0;0
30297;2023;9;0;0;0;0
30297;2023;12;0;0;0;0
30297;2024;3;0;0;0;0
30297;2024;6;0;0;0;0
30297;2024;9;0;0;0;0
30297;2024;12;0;0;0;0
30297;2025;3;0;0;0;0
30297;2025;6;0;0;0;0
30297;2025;9;0;0;0;0
30297;2025;12;0;0;0;0
30297;2026;3;0;0;0;0
22059;2014;9;0;0;0;0
22059;2014;12;98;0;0;0
22059;2015;3;6;0;0;0
22059;2015;6;6;0;0;0
22059;2015;9;6;0;0;0
22059;2015;12;6;0;0;0
22059;2016;3;0;0;0;0
22059;2016;6;6;0;0;0
22059;2016;9;11;0;0;0
22059;2016;12;12;0;0;0
22059;2017;3;0;0;0;0
22059;2017;6;0;0;0;0
22059;2017;9;4;0;0;0
22059;2017;12;49;0;0;0
22059;2018;3;23;0;0;0
22059;2018;6;49;0;0;0
22059;2018;9;105;0;0;0
22059;2018;12;190;0;0;0
22059;2019;3;228;0;0;1
22059;2019;6;390;0;0;7
22059;2019;9;432;0;0;8
22059;2019;12;462;0;0;8
22059;2020;3;15;0;0;0
22059;2020;6;30;0;0;0
22059;2020;9;62;0;0;0
22059;2020;12;62;0;0;0
22059;2021;3;17;0;0;5
22059;2021;6;30;0;0;16
22059;2021;9;30;0;0;16
22059;2021;12;30;0;0;16
22059;2022;3;8;0;0;0
22059;2022;6;33;0;0;1
22059;2022;9;49;0;0;3
22059;2022;12;99;0;0;3
22059;2023;3;6;0;0;0
22059;2023;6;26;0;0;0
22059;2023;9;29;0;0;3
22059;2023;12;54;0;0;3
22059;2024;3;19;0;0;0
22059;2024;6;36;0;0;0
22059;2024;9;46;0;0;0
22059;2024;12;68;0;0;0
22059;2025;3;1;0;0;1
22059;2025;6;1;0;0;1
22059;2025;9;3;0;0;1
22059;2025;12;3;0;0;1
22059;2026;3;0;0;0;0
27800;2014;9;0;0;0;0
27800;2014;12;11;0;0;0
27800;2015;3;24;0;0;0
27800;2015;6;37;0;0;0
27800;2015;9;39;0;0;0
27800;2015;12;50;0;0;0
27800;2016;3;7;0;0;0
27800;2016;6;10;0;0;0
27800;2016;9;33;0;0;0
27800;2016;12;40;0;0;0
27800;2017;3;4;0;0;0
27800;2017;6;10;0;0;0
27800;2017;9;15;0;0;0
27800;2017;12;20;0;0;0
27800;2018;3;8;0;0;0
27800;2018;6;15;0;0;0
27800;2018;9;22;0;0;0
27800;2018;12;29;0;0;0
27800;2019;3;6;0;0;0
27800;2019;6;28;0;0;0
27800;2019;9;41;0;0;0
27800;2019;12;83;0;0;1
27800;2020;3;28;0;0;0
27800;2020;6;30;0;0;0
27800;2020;9;30;0;0;0
27800;2020;12;30;0;0;0
27800;2021;3;0;0;0;0
27800;2021;6;0;0;0;0
27800;2021;9;0;0;0;0
27800;2021;12;0;0;0;0
27800;2022;3;0;0;0;0
27800;2022;6;0;0;0;0
27800;2022;12;0;0;0;0
27800;2023;3;0;0;0;0
27800;2023;6;0;0;0;0
27800;2023;9;0;0;0;0
27800;2023;12;0;0;0;0
27800;2024;3;0;0;0;0
27800;2024;6;0;0;0;0
27800;2024;9;0;0;0;0
27800;2024;12;0;0;0;0
27800;2025;3;0;0;0;0
27800;2025;6;0;0;0;0
27800;2025;9;0;0;0;0
27800;2025;12;0;0;0;0
27800;2026;3;0;0;0;0
28330;2014;9;0;0;0;0
28330;2014;12;0;0;0;0
28330;2015;3;0;0;0;0
28330;2015;6;0;0;0;0
28330;2015;9;0;0;0;0
28330;2015;12;0;0;0;0
28330;2016;3;0;0;0;0
28330;2016;6;0;0;0;0
28330;2016;9;0;0;0;0
28330;2016;12;0;0;0;0
28330;2017;3;0;0;0;0
28330;2017;6;0;0;0;0
28330;2017;9;0;0;0;0
28330;2017;12;0;0;0;0
28330;2018;3;0;0;0;0
28330;2018;6;0;0;0;0
28330;2018;9;0;0;0;0
28330;2018;12;0;0;0;0
28330;2019;3;0;0;0;0
28330;2019;6;0;0;0;0
28330;2019;9;0;0;0;0
28330;2019;12;0;0;0;0
28330;2020;3;0;0;0;0
28330;2020;6;0;0;0;0
28330;2020;9;0;0;0;0
28330;2020;12;0;0;0;0
28330;2021;3;0;0;0;0
28330;2021;6;0;0;0;0
28330;2021;9;0;0;0;0
28330;2021;12;0;0;0;0
28330;2022;3;0;0;0;0
28330;2022;6;0;0;0;0
28330;2022;9;0;0;0;0
28330;2022;12;0;0;0;0
28330;2023;3;0;0;0;0
28330;2023;6;0;0;0;0
28330;2023;9;0;0;0;0
28330;2023;12;0;0;0;0
28330;2024;9;0;0;0;0
28330;2024;12;0;0;0;0
28330;2025;3;0;0;0;0
28330;2025;6;0;0;0;0
28330;2025;9;0;0;0;0
28330;2025;12;0;0;0;0
28330;2026;3;0;0;0;0
31949;2014;12;7;0;0;0
31949;2015;3;37;1;0;0
31949;2015;6;67;1;0;0
31949;2015;9;94;4;0;0
31949;2015;12;122;4;0;0
31949;2016;3;23;0;0;0
31949;2016;6;32;0;0;0
31949;2016;9;38;0;0;0
31949;2016;12;86;1;0;0
31949;2017;3;59;0;0;0
31949;2017;6;119;0;0;0
31949;2017;9;148;0;0;0
31949;2017;12;171;0;0;0
31949;2018;3;30;0;0;0
31949;2018;6;54;0;0;0
31949;2018;9;60;0;0;0
31949;2018;12;60;0;0;0
31949;2019;3;0;0;0;0
31949;2019;6;0;0;0;0
31949;2019;9;71;0;0;1
31949;2019;12;89;0;0;2
31949;2020;3;16;0;0;1
31949;2020;6;86;0;0;1
31949;2020;9;96;0;0;2
31949;2020;12;105;0;0;2
31949;2021;3;3;0;0;0
31949;2021;6;9;0;1;0
31949;2021;9;22;0;0;0
31949;2021;12;27;0;0;0
31949;2022;3;7;0;0;0
31949;2022;6;20;0;0;0
31949;2022;9;44;0;0;0
31949;2022;12;48;0;0;0
31949;2023;3;7;0;0;0
31949;2023;6;26;0;0;0
31949;2023;9;42;0;0;0
31949;2023;12;46;0;0;0
31949;2024;3;3;0;0;0
31949;2024;6;9;0;0;0
31949;2024;9;31;0;0;0
31949;2024;12;48;0;0;0
31949;2025;3;5;0;0;0
31949;2025;6;18;0;0;0
31949;2025;9;31;0;0;2
31949;2025;12;56;0;0;2
31949;2026;3;8;0;0;1
21857;2014;9;0;0;0;0
21857;2014;12;131;0;0;0
21857;2015;3;41;0;0;0
21857;2015;6;93;1;0;0
21857;2015;9;119;1;0;0
21857;2015;12;197;2;0;0
21857;2016;3;70;1;0;0
21857;2016;6;179;5;0;0
21857;2016;9;313;8;0;0
21857;2016;12;464;10;0;0
21857;2017;3;13;0;0;0
21857;2017;6;29;0;0;0
21857;2017;9;43;0;0;0
21857;2017;12;77;0;0;0
21857;2018;3;53;0;0;0
21857;2018;6;116;0;0;0
21857;2018;9;145;0;0;0
21857;2018;12;186;0;0;0
21857;2019;3;49;0;0;1
21857;2019;6;72;0;0;1
21857;2019;9;99;0;0;1
21857;2019;12;149;0;0;5
21857;2020;3;46;0;0;1
21857;2020;6;79;0;0;1
21857;2020;9;84;0;0;1
21857;2020;12;111;0;0;6
21857;2021;3;30;0;0;5
21857;2021;6;70;0;0;6
21857;2021;9;113;0;0;6
21857;2021;12;168;0;0;7
21857;2022;3;1;0;0;1
21857;2022;6;1;0;0;1
21857;2022;12;1;0;0;1
21857;2023;3;0;0;0;0
21857;2023;6;0;0;0;0
21857;2023;9;0;0;0;0
21857;2023;12;0;0;0;0
21857;2024;3;0;0;0;0
21857;2024;6;0;0;0;0
21857;2024;9;0;0;0;0
21857;2024;12;0;0;0;0
21857;2025;3;0;0;0;0
21857;2025;6;0;0;0;0
21857;2025;9;0;0;0;0
21857;2025;12;0;0;0;0
21857;2026;3;0;0;0;0
27822;2014;9;0;0;0;0
27822;2014;12;0;0;0;0
27822;2015;3;12;0;0;0
27822;2015;6;30;0;0;0
27822;2015;9;53;0;0;0
27822;2015;12;72;0;0;0
27822;2016;3;32;0;0;0
27822;2016;6;89;1;0;0
27822;2016;9;120;1;0;0
27822;2016;12;191;1;0;0
27822;2017;3;18;0;0;0
27822;2017;6;61;0;0;0
27822;2017;9;77;0;0;0
27822;2017;12;95;0;0;0
27822;2018;3;28;0;0;0
27822;2018;6;48;0;0;0
27822;2018;9;75;0;0;0
27822;2018;12;103;0;0;0
27822;2019;3;38;0;0;8
27822;2019;6;85;0;0;19
27822;2019;9;116;0;0;27
27822;2019;12;139;0;0;37
27822;2020;3;42;0;0;11
27822;2020;6;63;0;0;12
27822;2020;9;63;0;0;12
27822;2020;12;63;0;0;12
27822;2021;3;0;0;0;0
27822;2021;6;11;0;0;0
27822;2021;9;30;0;0;1
27822;2021;12;59;0;0;2
27822;2022;3;0;0;0;0
27822;2022;6;0;0;0;0
27822;2022;9;0;0;0;0
27822;2022;12;22;0;0;0
27822;2023;3;15;0;0;0
27822;2023;6;34;0;0;0
27822;2023;9;61;0;0;2
27822;2023;12;90;0;0;2
27822;2024;3;17;0;0;0
27822;2024;6;17;0;0;0
27822;2024;9;17;0;0;0
27822;2024;12;17;0;0;0
27822;2025;3;0;0;0;0
27822;2025;6;0;0;0;0
27822;2025;9;0;0;0;0
27822;2025;12;0;0;0;0
27822;2026;3;0;0;0;0
26319;2014;9;0;0;0;0
26319;2014;12;0;0;0;0
26319;2015;3;0;0;0;0
26319;2015;6;0;0;0;0
26319;2015;9;0;0;0;0
26319;2015;12;0;0;0;0
26319;2016;3;0;0;0;0
26319;2016;6;0;0;0;0
26319;2016;9;1;0;0;0
26319;2016;12;1;0;0;0
26319;2017;3;0;0;0;0
26319;2017;6;0;0;0;0
26319;2017;9;0;0;0;0
26319;2017;12;0;0;0;0
26319;2018;3;0;0;0;0
26319;2018;6;0;0;0;0
26319;2018;9;0;0;0;0
26319;2018;12;0;0;0;0
26319;2019;3;0;0;0;0
26319;2019;6;0;0;0;0
26319;2019;9;0;0;0;0
26319;2019;12;0;0;0;0
26319;2020;3;0;0;0;0
26319;2020;6;0;0;0;0
26319;2020;9;0;0;0;0
26319;2020;12;0;0;0;0
26319;2021;3;0;0;0;0
26319;2021;6;0;0;0;0
26319;2021;9;0;0;0;0
26319;2021;12;0;0;0;0
26319;2022;3;0;0;0;0
26319;2022;6;0;0;0;0
26319;2022;12;0;0;0;0
26319;2023;3;0;0;0;0
26319;2023;6;0;0;0;0
26319;2023;9;0;0;0;0
26319;2023;12;0;0;0;0
26319;2024;3;0;0;0;0
26319;2024;6;0;0;0;0
26319;2024;9;0;0;0;0
26319;2024;12;0;0;0;0
26319;2025;3;0;0;0;0
26319;2025;6;0;0;0;0
26319;2025;9;0;0;0;0
26319;2025;12;0;0;0;0
26319;2026;3;0;0;0;0
3804;2014;9;273;26;0;0
3804;2014;12;389;36;0;0
3804;2015;3;47;7;0;0
3804;2015;6;169;18;0;0
3804;2015;9;366;23;0;0
3804;2015;12;501;28;0;0
3804;2016;3;159;4;0;0
3804;2016;6;243;6;0;0
3804;2016;9;341;11;0;0
3804;2016;12;483;21;0;0
3804;2017;3;50;1;0;0
3804;2017;6;160;1;0;0
3804;2017;9;240;3;0;0
3804;2017;12;317;5;0;0
3804;2018;3;56;0;0;0
3804;2018;6;144;0;0;0
3804;2018;9;341;0;0;0
3804;2018;12;426;1;0;0
3804;2019;3;50;0;0;2
3804;2019;6;73;2;0;5
3804;2019;9;151;2;0;6
3804;2019;12;262;2;0;12
3804;2020;3;80;0;0;2
3804;2020;6;126;0;0;2
3804;2020;9;167;0;0;2
3804;2020;12;280;0;0;2
3804;2021;3;51;0;0;1
3804;2021;6;138;0;0;7
3804;2021;9;202;0;0;7
3804;2021;12;283;0;0;14
3804;2022;3;57;0;0;15
3804;2022;6;133;1;0;22
3804;2022;9;211;1;0;25
3804;2022;12;287;1;0;26
3804;2023;3;46;0;0;0
3804;2023;6;126;0;0;1
3804;2023;9;174;0;0;1
3804;2023;12;289;0;0;2
3804;2024;3;73;0;0;0
3804;2024;6;168;0;0;0
3804;2024;9;275;0;0;1
3804;2024;12;382;0;0;1
3804;2025;3;67;0;0;1
3804;2025;6;145;0;0;3
3804;2025;9;259;0;0;6
3804;2025;12;338;1;0;7
3804;2026;3;112;0;0;1
20497;2014;9;74;5;0;0
20497;2014;12;276;8;0;0
20497;2015;3;67;4;0;0
20497;2015;6;116;4;0;0
20497;2015;9;215;8;0;0
20497;2015;12;307;12;0;0
20497;2016;3;80;2;0;0
20497;2016;6;168;8;0;0
20497;2016;9;217;9;0;0
20497;2016;12;262;11;0;0
20497;2017;3;14;0;0;0
20497;2017;6;83;0;0;0
20497;2017;9;256;1;0;0
20497;2017;12;467;1;0;0
20497;2018;3;170;1;0;0
20497;2018;6;311;3;0;0
20497;2018;9;491;3;0;0
20497;2018;12;821;3;0;0
20497;2019;3;241;0;0;1
20497;2019;6;352;0;0;27
20497;2019;9;510;1;0;63
20497;2019;12;708;1;0;83
20497;2020;3;112;0;0;22
20497;2020;6;238;0;0;36
20497;2020;9;377;0;0;37
20497;2020;12;544;3;0;50
20497;2021;3;113;0;0;10
20497;2021;6;229;0;0;11
20497;2021;9;350;0;0;21
20497;2021;12;543;0;0;63
20497;2022;3;87;0;0;15
20497;2022;6;205;0;0;44
20497;2022;9;342;0;0;61
20497;2022;12;478;0;0;72
20497;2023;3;77;0;0;11
20497;2023;6;187;0;0;17
20497;2023;9;310;2;0;24
20497;2023;12;465;2;0;31
20497;2024;3;79;0;0;5
20497;2024;6;232;0;0;22
20497;2024;9;482;0;0;43
20497;2024;12;565;0;0;55
20497;2025;3;43;0;0;1
20497;2025;6;112;0;0;2
20497;2025;9;217;0;0;12
20497;2025;12;321;0;0;18
20497;2026;3;50;0;0;11
667;2014;9;0;0;0;0
667;2014;12;1;0;0;0
667;2015;3;0;0;0;0
667;2015;6;0;0;0;0
667;2015;9;2;0;0;0
667;2015;12;4;0;0;0
667;2016;3;5;1;0;0
667;2016;6;5;1;0;0
667;2016;9;5;1;0;0
667;2016;12;5;1;0;0
667;2017;3;0;0;0;0
667;2017;6;0;0;0;0
667;2017;9;0;0;0;0
667;2017;12;0;0;0;0
667;2018;3;0;0;0;0
667;2018;6;0;0;0;0
667;2018;9;0;0;0;0
667;2018;12;0;0;0;0
667;2019;3;0;0;0;0
667;2019;6;0;0;0;0
667;2019;9;0;0;0;0
667;2019;12;0;0;0;0
667;2020;3;0;0;0;0
667;2020;6;0;0;0;0
667;2020;9;0;0;0;0
667;2020;12;0;0;0;0
667;2021;3;0;0;0;0
667;2021;6;0;0;0;0
667;2021;9;0;0;0;0
667;2021;12;0;0;0;0
667;2022;3;0;0;0;0
667;2022;6;0;0;0;0
667;2022;9;0;0;0;0
667;2022;12;0;0;0;0
667;2023;3;0;0;0;0
667;2023;6;0;0;0;0
667;2023;9;0;0;0;0
667;2023;12;0;0;0;0
667;2024;9;0;0;0;0
667;2024;12;0;0;0;0
667;2025;3;0;0;0;0
667;2025;6;0;0;0;0
667;2025;9;0;0;0;0
667;2025;12;0;0;0;0
667;2026;3;0;0;0;0
35583;2015;12;0;0;0;0
35583;2016;3;0;0;0;0
35583;2016;6;29;2;0;0
35583;2016;9;137;3;0;0
35583;2016;12;229;7;0;0
35583;2017;3;17;0;0;0
35583;2017;6;38;0;0;0
35583;2017;9;46;0;0;0
35583;2017;12;57;0;0;0
35583;2018;3;2;0;0;0
35583;2018;6;2;0;0;0
35583;2018;9;5;0;0;0
35583;2018;12;7;0;0;0
35583;2019;3;1;0;0;0
35583;2019;6;4;0;0;1
35583;2019;9;4;0;0;1
35583;2019;12;4;0;0;1
35583;2020;3;0;0;0;0
35583;2020;6;2;0;0;1
35583;2020;9;2;0;0;1
35583;2020;12;2;0;0;1
35583;2021;3;0;0;0;0
35583;2021;6;0;0;0;0
35583;2021;9;0;0;0;0
35583;2021;12;0;0;0;0
35583;2022;3;0;0;0;0
35583;2022;6;0;0;0;0
35583;2022;9;0;0;0;0
35583;2022;12;0;0;0;0
35583;2023;3;0;0;0;0
35583;2023;6;0;0;0;0
35583;2023;9;0;0;0;0
35583;2023;12;0;0;0;0
35583;2024;3;0;0;0;0
35583;2024;6;0;0;0;0
35583;2024;9;17;0;0;0
35583;2024;12;22;0;0;0
35583;2025;3;7;0;0;1
35583;2025;6;12;0;0;1
35583;2025;9;13;0;0;1
35583;2025;12;13;0;0;1
35583;2026;3;3;0;0;0
36508;2016;3;0;0;0;0
36508;2016;6;0;0;0;0
36508;2016;9;0;0;0;0
36508;2016;12;0;0;0;0
36508;2017;3;1;0;0;0
36508;2017;6;4;0;0;0
36508;2017;9;6;0;0;0
36508;2017;12;14;0;0;0
36508;2018;3;0;0;0;0
36508;2018;6;0;0;0;0
36508;2018;9;0;0;0;0
36508;2018;12;0;0;0;0
36508;2019;3;0;0;0;0
36508;2019;6;0;0;0;0
36508;2019;9;0;0;0;0
36508;2019;12;0;0;0;0
36508;2020;3;0;0;0;0
36508;2020;6;0;0;0;0
36508;2020;9;0;0;0;0
36508;2020;12;0;0;0;0
36508;2021;3;0;0;0;0
36508;2021;6;0;0;0;0
36508;2021;9;0;0;0;0
36508;2021;12;0;0;0;0
36508;2022;3;0;0;0;0
36508;2022;6;0;0;0;0
36508;2022;12;0;0;0;0
36508;2023;3;0;0;0;0
36508;2023;6;0;0;0;0
36508;2023;9;0;0;0;0
36508;2023;12;0;0;0;0
36508;2024;3;0;0;0;0
36508;2024;6;0;0;0;0
36508;2024;9;0;0;0;0
36508;2024;12;0;0;0;0
36508;2025;3;0;0;0;0
36508;2025;6;0;0;0;0
36508;2025;9;0;0;0;0
36508;2025;12;0;0;0;0
36508;2026;3;0;0;0;0
1051;2014;9;0;0;0;0
1051;2014;12;0;0;0;0
1051;2015;3;0;0;0;0
1051;2015;6;0;0;0;0
1051;2015;9;0;0;0;0
1051;2015;12;0;0;0;0
1051;2016;3;0;0;0;0
1051;2016;6;0;0;0;0
1051;2016;9;0;0;0;0
1051;2016;12;0;0;0;0
1051;2017;3;0;0;0;0
1051;2017;6;0;0;0;0
1051;2017;9;0;0;0;0
1051;2017;12;0;0;0;0
1051;2018;3;0;0;0;0
1051;2018;6;0;0;0;0
1051;2018;9;0;0;0;0
1051;2018;12;0;0;0;0
1051;2019;3;0;0;0;0
1051;2019;6;0;0;0;0
1051;2019;9;0;0;0;0
1051;2019;12;0;0;0;0
1051;2020;3;0;0;0;0
1051;2020;6;0;0;0;0
1051;2020;9;0;0;0;0
1051;2020;12;0;0;0;0
1051;2021;3;0;0;0;0
1051;2021;6;0;0;0;0
1051;2021;9;0;0;0;0
1051;2021;12;0;0;0;0
1051;2022;3;0;0;0;0
1051;2022;6;0;0;0;0
1051;2022;12;0;0;0;0
1051;2023;3;0;0;0;0
1051;2023;6;0;0;0;0
1051;2023;9;0;0;0;0
1051;2023;12;0;0;0;0
1051;2024;3;0;0;0;0
1051;2024;6;0;0;0;0
1051;2024;9;0;0;0;0
1051;2024;12;0;0;0;0
1051;2025;3;0;0;0;0
1051;2025;6;0;0;0;0
1051;2025;9;0;0;0;0
1051;2025;12;0;0;0;0
1051;2026;3;0;0;0;0
1200;2014;9;12;1;0;0
1200;2014;12;12;1;0;0
1200;2015;3;0;0;0;0
1200;2015;6;0;0;0;0
1200;2015;9;0;0;0;0
1200;2015;12;0;0;0;0
1200;2016;3;0;0;0;0
1200;2016;6;9;1;0;0
1200;2016;9;21;1;0;0
1200;2016;12;37;2;0;0
1200;2017;3;6;0;0;0
1200;2017;6;23;0;0;0
1200;2017;9;31;0;0;0
1200;2017;12;41;0;0;0
1200;2018;3;16;0;0;0
1200;2018;6;22;0;0;0
1200;2018;9;22;0;0;0
1200;2018;12;22;0;0;0
1200;2019;3;0;0;0;0
1200;2019;6;0;0;0;0
1200;2019;9;0;0;0;0
1200;2019;12;0;0;0;0
1200;2020;3;0;0;0;0
1200;2020;6;0;0;0;0
1200;2020;9;0;0;0;0
1200;2020;12;0;0;0;0
1200;2021;3;0;0;0;0
1200;2021;6;0;0;0;0
1200;2021;9;0;0;0;0
1200;2021;12;0;0;0;0
1200;2022;3;3;0;0;0
1200;2022;6;7;0;1;0
1200;2022;9;16;0;0;0
1200;2022;12;25;0;0;0
1200;2023;3;8;0;0;0
1200;2023;6;8;0;0;0
1200;2023;9;14;0;0;0
1200;2023;12;21;0;0;0
1200;2024;3;3;0;0;0
1200;2024;6;9;0;0;0
1200;2024;9;18;0;0;0
1200;2024;12;22;0;0;0
1200;2025;3;0;0;0;0
1200;2025;6;0;0;0;0
1200;2025;9;0;0;0;0
1200;2025;12;0;0;0;0
1200;2026;3;0;0;0;0
20837;2014;9;154;3;0;0
20837;2014;12;213;4;0;0
20837;2015;3;26;0;0;0
20837;2015;6;51;2;0;0
20837;2015;9;95;2;0;0
20837;2015;12;136;7;0;0
20837;2016;3;20;0;0;0
20837;2016;6;48;2;0;0
20837;2016;9;85;2;0;0
20837;2016;12;142;2;0;0
20837;2017;3;27;0;0;0
20837;2017;6;54;0;0;0
20837;2017;9;90;0;0;0
20837;2017;12;117;0;0;0
20837;2018;3;8;0;0;0
20837;2018;6;59;0;0;0
20837;2018;9;183;0;0;0
20837;2018;12;918;0;0;0
20837;2019;3;152;0;0;1
20837;2019;6;199;0;0;4
20837;2019;9;273;0;0;26
20837;2019;12;306;0;0;28
20837;2020;3;30;0;0;10
20837;2020;6;118;0;0;16
20837;2020;9;176;0;0;29
20837;2020;12;284;0;0;52
20837;2021;3;153;0;0;20
20837;2021;6;196;0;0;27
20837;2021;9;263;1;0;37
20837;2021;12;307;1;0;59
20837;2022;3;60;0;0;25
20837;2022;6;133;0;0;56
20837;2022;9;205;0;0;68
20837;2022;12;250;0;0;75
20837;2023;3;29;0;0;2
20837;2023;6;70;0;0;5
20837;2023;9;104;0;0;5
20837;2023;12;139;0;0;5
20837;2024;3;25;0;0;0
20837;2024;6;96;0;0;1
20837;2024;9;215;0;0;4
20837;2024;12;299;0;0;5
20837;2025;3;59;0;0;0
20837;2025;6;112;0;0;1
20837;2025;9;149;0;0;4
20837;2025;12;176;0;0;6
20837;2026;3;35;0;0;0
41130;2025;12;1;0;0;0
41130;2026;3;0;0;0;0
